patternName,concurrency,memorySize,averageRps,totalComputeTime,requests,coldstarts,duration,billedDuration,maxRps,avgDelay,maxDelay
med15,15,1216.0,8.96,9536.8125,8289,14,7757.22563,8031.0,9.41,7.76355883416,15.211
medwave20,30,1984.0,8.15,12350.0125,9923,29,5877.26235,6374.2,9.48,7.71116398714,15.22
ramp20,20,2240.0,10.28,14785.75,12498,21,6469.62095,6759.2,11.88,7.86714418085,15.23
med15,8,2240.0,9.14,9768.0625,8318,7,4235.4911,4465.4,9.48,7.89618726727,15.611
med15,6,1984.0,8.88,9674.7125,8110,5,4627.88509,4993.4,9.24,7.63513308688,15.184
high15,4,1472.0,4.84,5233.9375,4453,3,3361.55007,3641.0,5.03,7.74773743268,15.25
med15,8,1216.0,7.82,8210.1375,7240,8,6640.62136,6913.8,8.29,7.75312472406,20.202
kill15,40,2240.0,4.64,5901.21875,4268,39,2604.40012,2697.7,4.75,7.76361876016,15.186
high15,6,2496.0,11.04,12480.0,10042,6,4562.99708,5120.0,11.61,7.66431817277,15.229
highwave20,8,3008.0,9.36,13853.54375,11331,7,4388.11339,4716.1,11.89,7.91244284706,15.232
medwave20,2,1728.0,2.72,3925.125,3315,1,2114.84145,2326.0,2.85,7.70872647768,15.18
kill15,30,2752.0,4.66,6470.425,4267,29,2120.98434,2407.6,4.76,7.85607867784,15.172
high15,20,1728.0,11.3,12751.0875,10337,19,6841.31375,7556.2,11.84,7.90703427964,15.478
debug1,15,1984.0,5.38,752.1375,341,14,369.63878,388.2,5.38,8.01822253521,15.116
med15,20,2496.0,9.16,10865.64375,8357,19,3983.66815,4457.7,9.49,7.89446095989,15.325
debug1,6,2752.0,5.63,623.5,346,5,207.6959,232.0,5.63,8.29182621083,15.167
highwave20,10,2240.0,9.33,13199.15625,11324,9,5741.87772,6033.9,11.89,7.81592773317,15.336
high15,40,2752.0,11.38,14572.1625,10382,39,4744.04175,5422.2,11.91,7.77734190577,15.747
medwave20,20,1216.0,7.98,11338.13125,9867,19,9218.61785,9547.9,9.39,7.89464748129,15.683
medwave20,20,1728.0,8.11,12224.08125,9899,20,6558.25796,7243.9,9.49,7.90263867325,15.249
med15,10,2240.0,9.15,9733.5,8334,9,4241.4312,4449.6,9.51,7.89779096248,15.453
highwave20,40,1984.0,9.33,14285.38125,11371,39,6788.90664,7373.1,11.86,7.79914522349,15.295
debug1,30,2752.0,5.58,1454.20625,368,29,520.12861,541.1,5.59,7.78362720403,15.144
med15,6,1728.0,7.76,8570.8125,7101,6,4616.15174,5079.0,8.04,7.84992218939,15.254
medwave20,10,1984.0,8.13,11804.21875,9890,9,5615.54338,6092.5,9.48,7.75657783615,15.218
highwave20,4,2240.0,6.93,9664.59375,8414,3,4223.33338,4418.1,7.23,7.61365961744,15.206
kill15,6,1216.0,4.51,4740.5,4184,8,3834.79044,3992.0,4.7,7.87735496183,15.729
medwave20,15,1472.0,8.07,11751.70625,9869,14,7582.66985,8175.1,9.48,7.821393504,16.131
kill15,40,3008.0,4.68,6598.2125,4283,39,2115.83886,2246.2,4.76,8.16948634891,16.711
ramp20,6,1728.0,8.04,11784.65625,9800,5,6367.6889,6983.5,8.56,7.77728189699,15.34
med15,-1,2240.0,9.17,12417.5625,8440,101,5479.4726,5676.6,9.51,7.81217082309,15.286
debug1,2,3008.0,3.95,323.41875,241,1,102.77551,110.1,3.95,7.80438842975,15.091
medwave20,4,2752.0,7.43,11878.2125,9011,3,3769.14195,4419.8,8.14,7.6591214777,15.328
ramp20,4,1472.0,4.7,6762.0,5774,3,4355.01727,4704.0,5.04,7.69664324044,15.455
high15,30,2240.0,11.35,12547.71875,10349,29,5495.2834,5736.1,11.88,7.78999971093,15.314
debug1,20,2496.0,5.46,1019.3625,347,19,399.0941,418.2,5.46,8.3922704918,19.809
ramp20,6,3008.0,10.3,15163.66875,12465,6,4818.85195,5162.1,11.84,7.87686216021,16.035
debug1,20,2240.0,5.5,935.375,351,19,418.46976,427.6,5.5,8.00457027027,15.168
kill15,15,1472.0,4.56,5450.425,4205,23,3547.29817,3791.6,4.75,7.708865421,15.212
medwave20,10,2240.0,8.16,11638.59375,9915,9,5062.43632,5320.5,9.51,7.83877367997,15.268
med15,30,2496.0,9.16,11149.125,8356,29,4112.36678,4574.0,9.51,7.87084257603,17.181
highwave20,4,2496.0,7.23,10963.875,8778,4,4033.60038,4498.0,7.84,7.67904179003,15.332
ramp20,20,1728.0,10.24,15294.15,12479,21,8212.25066,9063.2,11.86,7.85760672,15.397
kill15,20,3008.0,4.67,5795.39375,4262,19,1850.48664,1972.9,4.76,8.05011936463,17.133
highwave20,10,3008.0,9.36,13990.43125,11338,10,4438.44081,4762.7,11.91,7.9175311068,15.222
ramp20,40,1216.0,10.08,14534.525,12436,39,11915.40363,12239.6,11.69,7.81971807615,15.591
kill15,10,1728.0,4.61,5227.70625,4215,9,2815.20652,3097.9,4.75,7.80132173295,15.497
kill15,2,2752.0,3.57,4359.125,3254,2,1374.06199,1622.0,3.81,7.64796253071,15.706
high15,8,2496.0,11.34,12876.58125,10309,7,4722.89185,5282.7,11.86,7.8445139589,17.414
high15,15,3008.0,11.36,12979.6375,10331,16,4125.49432,4418.6,11.91,7.8835752392,15.181
debug1,15,1728.0,4.98,743.175,320,14,419.00135,440.4,4.98,8.71807185629,15.142
highwave20,4,3008.0,8.01,11809.04375,9703,3,3745.50895,4020.1,9.33,7.7467216155,15.227
medwave20,2,2240.0,3.52,4997.34375,4285,1,2167.97183,2284.5,3.71,7.69286187587,15.384
ramp20,8,2240.0,10.27,14369.25,12466,7,6278.35982,6568.8,11.86,7.8123983805,15.248
debug1,2,1728.0,2.31,192.54375,141,1,104.79301,114.1,2.31,8.08380985915,15.138
kill15,20,1472.0,4.58,5424.55,4736,19,3472.66998,3773.6,4.75,7.71464079916,15.188
high15,8,1216.0,7.81,8266.30625,7223,8,6661.49008,6961.1,8.21,7.7968626746,15.408
ramp20,-1,3008.0,10.32,18311.2,12575,87,5860.41819,6233.6,11.93,7.93652708893,15.305
ramp20,15,1728.0,10.21,15172.81875,12444,19,8157.54608,8991.3,11.86,7.90075391158,15.353
highwave20,10,2496.0,9.36,14211.35625,11348,9,5203.20557,5830.3,11.88,7.83221017874,15.491
med15,4,1216.0,3.91,4174.0625,3859,4,3361.5333,3515.0,4.15,7.77715790836,15.33
ramp20,30,2240.0,10.28,15089.8125,12500,30,6583.73348,6898.2,11.88,7.82271915403,15.61
ramp20,40,1728.0,10.25,15797.025,12503,40,8482.31441,9361.2,11.84,7.88966052778,15.407
ramp20,8,3008.0,10.31,15248.85625,12489,8,4829.82069,5191.1,11.88,7.81665247659,15.27
ramp20,10,1728.0,10.24,15016.725,12467,9,8068.81946,8898.8,11.84,7.87980995511,15.326
medwave20,-1,2240.0,8.16,14174.78125,9995,100,6240.29231,6479.9,9.51,7.87009727588,15.312
kill15,8,1216.0,4.5,4804.625,4190,7,3909.50166,4046.0,4.7,7.89634477007,15.264
med15,30,1728.0,9.09,10619.94375,8331,30,5704.46232,6293.3,9.49,7.94926133238,16.099
medwave20,30,2240.0,8.16,11998.65625,9923,29,5273.91558,5485.1,9.51,7.77861615756,16.029
high15,40,3008.0,11.39,13884.975,10374,39,4422.21127,4726.8,11.91,7.79605464323,15.194
debug1,4,2752.0,5.55,521.10625,335,3,174.68601,193.9,5.56,8.00053550296,15.115
high15,15,2752.0,11.4,14093.7875,10365,14,4457.33962,5244.2,11.91,7.85189074092,15.572
debug1,6,2240.0,5.33,516.03125,324,5,227.26696,235.9,5.34,8.15605167173,15.089
high15,6,1728.0,8.33,9092.25,7615,6,4882.2259,5388.0,8.74,7.77471998425,15.987
high15,20,2496.0,11.33,13306.8,10328,20,4896.718,5459.2,11.89,7.85800753769,15.416
kill15,10,1216.0,4.51,4849.63125,4190,9,3939.25666,4083.9,4.71,7.88032102882,15.512
kill15,6,1472.0,4.59,4974.75625,4215,5,3218.71423,3460.7,4.75,7.83647535545,15.327
med15,30,2752.0,9.18,11700.8375,8373,29,3801.89345,4353.8,9.53,7.75930623661,15.973
kill15,10,2496.0,4.66,5484.13125,4246,9,2022.6295,2249.9,4.76,7.69083572268,15.191
high15,10,2752.0,11.38,13832.29375,10341,9,4375.21795,5146.9,11.89,7.85141149758,15.27
medwave20,20,1472.0,8.07,11890.85625,9876,19,7681.69601,8271.9,9.44,7.81433885801,15.325
highwave20,20,2752.0,9.34,14977.975,11325,21,4880.93747,5573.2,11.84,7.86512383219,15.266
med15,40,1728.0,9.1,10851.3,8350,39,5865.39461,6430.4,9.48,7.90333233997,16.12
kill15,-1,1984.0,4.63,6552.81875,4281,61,3169.21225,3382.1,4.75,7.86727153386,15.587
med15,4,1984.0,6.06,6597.1875,5536,3,3134.38301,3405.0,6.29,7.6368774147,15.333
kill15,8,1728.0,4.6,4014.39375,3232,7,2166.89075,2378.9,4.75,7.84385427601,15.359
debug1,8,1216.0,4.03,470.13125,258,7,387.08719,395.9,4.03,8.00641509434,15.209
high15,10,3008.0,11.39,12695.2875,10345,9,3990.00512,4321.8,11.91,7.86924985513,15.473
medwave20,40,1984.0,8.15,12642.1875,9935,40,6022.44606,6525.0,9.49,7.76796611529,16.773
ramp20,8,2752.0,10.32,16380.58125,12493,7,5220.30749,6095.1,11.89,7.81896272,15.231
debug1,10,3008.0,5.58,754.64375,343,9,247.162,256.9,5.59,8.38221875,15.178
highwave20,8,2240.0,9.34,13015.40625,11323,7,5691.80747,5949.9,11.86,7.74030564872,15.821
highwave20,15,2496.0,9.36,14408.0625,11356,14,5293.83074,5911.0,11.91,7.7656116095,15.257
med15,10,1216.0,8.9,9261.90625,8235,9,7516.4434,7799.5,9.36,7.80297307132,15.682
medwave20,20,1984.0,8.16,12106.6625,9929,19,5771.05285,6248.6,9.49,7.77661168074,16.474
kill15,20,1984.0,4.65,5496.6875,4259,20,2631.75174,2837.0,4.76,7.73372493573,15.142
med15,40,2496.0,9.2,11485.25625,8392,39,4234.52752,4711.9,9.53,7.84498173408,15.592
med15,40,3008.0,9.17,11472.99375,8364,39,3657.73927,3905.7,9.54,7.88832643104,18.333
medwave20,4,2240.0,6.96,9739.84375,8452,3,4239.22302,4452.5,7.38,7.59518923714,15.205
high15,15,2496.0,11.39,13180.05,10365,14,4851.24913,5407.2,11.89,7.83026370556,15.492
ramp20,15,1472.0,10.16,14883.15625,12432,20,9598.26655,10353.5,11.79,7.88773289431,15.365
highwave20,2,2240.0,3.46,5006.09375,4200,1,2132.97338,2288.5,3.56,7.64579742918,15.284
medwave20,30,1728.0,8.12,12482.94375,9913,29,6724.70766,7397.3,9.46,7.92805220278,16.454
debug1,10,2240.0,5.41,657.5625,340,9,288.88035,300.6,5.41,8.37211461318,15.311
debug1,2,2240.0,2.9,232.96875,175,1,101.93057,106.5,2.9,7.79100568182,15.155
highwave20,20,1728.0,9.28,13838.5125,11311,20,7450.93183,8200.6,11.86,7.99422769394,29.879
kill15,4,2496.0,4.65,5316.91875,4241,3,1956.84188,2181.3,4.76,7.76253652215,15.198
medwave20,40,1728.0,8.11,12715.65,9904,39,6829.02646,7535.2,9.46,7.95186241577,15.275
med15,8,2752.0,9.19,10955.59375,8354,7,3510.03908,4076.5,9.53,7.84724147829,15.325
debug1,6,1728.0,5.08,493.93125,315,5,272.33052,292.7,5.09,8.417090625,15.142
med15,6,2752.0,9.15,10907.75625,8325,5,3478.56617,4058.7,9.49,7.79040336134,15.237
med15,30,1984.0,9.14,10501.44375,8357,29,4985.14251,5420.1,9.51,7.70481409492,15.295
highwave20,4,1216.0,3.93,5512.25625,4892,3,4468.41244,4641.9,4.15,7.78489050051,15.328
med15,15,3008.0,9.19,10562.075,8356,14,3360.70297,3595.6,9.49,7.9214655914,16.359
ramp20,8,1216.0,7.9,10961.45625,9774,7,8915.62809,9230.7,8.28,7.74250158471,15.453
ramp20,20,3008.0,10.3,15627.79375,12488,19,4957.86854,5320.1,11.89,7.89608891021,15.662
high15,4,2752.0,8.25,9824.15625,7498,4,3139.74062,3655.5,8.68,7.68629765396,15.191
kill15,2,3008.0,4.45,4878.30625,4036,1,1546.68155,1660.7,4.66,7.64480951201,16.124
ramp20,30,1472.0,10.18,15102.6625,12448,29,9747.04288,10506.2,11.81,7.85813913601,15.32
high15,30,1984.0,11.33,12818.1125,10357,29,6094.03859,6615.8,11.86,7.90469574427,15.335
ramp20,-1,2240.0,10.28,17032.53125,12570,100,7500.75739,7786.3,11.88,7.81868287293,15.292
highwave20,2,2752.0,3.92,6462.3625,4755,1,2009.47898,2404.6,4.13,7.67500798991,15.298
kill15,2,2496.0,3.1,3505.36875,2815,1,1282.24451,1438.1,3.2,7.61012038352,15.166
medwave20,8,1216.0,7.39,10153.3625,9102,7,8285.3493,8550.2,8.28,7.75133977385,17.555
ramp20,20,2496.0,10.28,16009.9875,12478,22,5871.91431,6568.2,11.89,7.80808112,15.846
debug1,30,1216.0,4.13,1072.075,283,29,893.91806,902.8,4.13,8.98649679487,15.19
highwave20,40,2496.0,9.35,15154.9125,11368,39,5554.02207,6217.4,11.88,7.79921749803,16.028
kill15,40,1472.0,4.59,5870.03125,4243,39,3820.11819,4083.5,4.73,7.70580266231,15.257
kill15,40,1728.0,4.62,5952.99375,4262,39,3250.20741,3527.7,4.75,7.9109144385,16.178
ramp20,10,2240.0,10.27,14558.03125,12479,9,6338.03755,6655.1,11.88,7.82950904869,17.628
debug1,10,2496.0,5.42,705.9,339,9,271.92212,289.6,5.43,8.18763218391,15.11
high15,40,1472.0,11.23,12890.35,10335,39,8332.12586,8967.2,11.83,7.87653402738,15.982
debug1,4,1984.0,4.5,398.93125,274,3,192.52094,205.9,4.5,7.93855234657,15.191
debug1,10,2752.0,5.5,761.6375,346,9,258.53869,283.4,5.5,8.01212112676,15.116
ramp20,20,1984.0,10.25,15071.61875,12477,19,7150.52811,7778.9,11.86,7.81568237836,15.308
kill15,15,2240.0,4.64,5276.6875,4237,14,2293.69158,2412.2,4.75,7.73123923783,15.64
med15,15,2496.0,9.15,10689.4125,8342,14,3948.4164,4385.4,9.51,7.93188044519,15.314
highwave20,15,1728.0,9.24,13752.61875,11281,15,7415.46582,8149.7,11.83,7.93580108003,15.603
highwave20,4,1472.0,4.66,6689.55,5703,3,4338.07469,4653.6,4.93,7.69153873116,17.423
high15,10,1728.0,11.28,12454.7625,10299,9,6673.15909,7380.6,11.83,7.8450362825,15.52
ramp20,4,1984.0,6.27,9026.8125,7619,3,4300.42353,4659.0,6.63,7.70852768302,15.271
debug1,8,2496.0,5.45,623.025,332,7,236.59236,255.6,5.45,7.98348082596,15.256
highwave20,-1,3008.0,9.37,16907.36875,11434,87,5405.15004,5755.7,11.89,7.92937982814,15.266
ramp20,6,2240.0,9.57,13576.28125,11625,5,5857.4436,6206.3,10.46,7.68187807395,15.216
kill15,40,2752.0,4.67,6621.19375,4279,39,2232.15952,2463.7,4.76,7.82023853636,17.748
high15,8,2752.0,11.35,13502.0,10324,7,4318.8737,5024.0,11.89,7.84077146452,15.922
high15,6,1216.0,5.94,6280.33125,5529,6,5096.17259,5288.7,6.28,7.81544679313,15.285
ramp20,2,1472.0,2.41,3433.75625,2958,1,2210.70221,2388.7,2.51,7.74277796553,15.286
medwave20,2,2496.0,3.59,5427.58125,4362,1,2003.24225,2226.7,3.76,7.69583887234,15.171
medwave20,10,3008.0,8.19,12250.25625,9920,9,3897.15494,4170.3,9.49,7.94967740961,15.287
ramp20,-1,1472.0,10.05,18136.79375,12558,141,11833.63049,12616.9,11.73,8.03843436491,15.447
high15,-1,2752.0,11.38,16396.70625,10416,92,5433.26264,6101.1,11.91,7.76642434336,15.555
medwave20,10,1728.0,8.11,11968.25625,9887,9,6414.23928,7092.3,9.49,7.90568441795,15.399
high15,6,1472.0,7.12,7684.0125,6535,5,4953.3281,5345.4,7.4,7.82999678899,15.273
medwave20,4,3008.0,7.88,11680.38125,9541,4,3697.13291,3976.3,9.24,7.73811084337,15.209
ramp20,-1,2752.0,10.3,19270.18125,12564,90,6303.57662,7170.3,11.88,7.82309775565,20.647
med15,-1,2752.0,9.17,13775.5875,8419,89,4574.22459,5125.8,9.53,7.85702197931,18.001
ramp20,2,1216.0,2.01,2797.63125,2492,2,2277.77084,2355.9,2.13,7.68128428228,15.247
kill15,40,2496.0,4.65,6475.95,4269,39,2424.67012,2656.8,4.76,7.7094045961,15.253
ramp20,10,2752.0,10.3,16472.225,12489,9,5246.87775,6129.2,11.91,7.78849943991,15.326
kill15,15,3008.0,4.68,5690.525,4268,15,1814.42362,1937.2,4.76,8.07561008639,15.33
high15,4,3008.0,8.9,9860.30625,8084,3,3127.1918,3356.7,9.28,7.653393471,15.326
kill15,10,3008.0,4.67,5446.41875,4253,9,1733.44863,1854.1,4.75,7.95653613327,16.139
high15,20,3008.0,11.39,13124.1625,10358,20,4149.10377,4467.8,11.89,7.88910840239,16.128
kill15,4,3008.0,4.67,5243.14375,4242,3,1664.4743,1784.9,4.76,8.10122332155,15.289
ramp20,10,3008.0,10.32,15376.6375,12495,9,4883.72918,5234.6,11.89,7.89426335573,15.213
highwave20,15,3008.0,9.38,14221.31875,11377,16,4512.85216,4841.3,11.91,7.93883691741,15.275
med15,6,1216.0,5.85,6122.9875,5451,6,5000.92103,5156.2,6.16,7.66210775151,18.13
debug1,-1,2752.0,5.58,3728.90625,425,92,1359.41001,1387.5,5.58,7.87221856867,15.208
medwave20,40,1472.0,8.08,12408.35625,9902,39,7995.06683,8631.9,9.43,7.82931988734,15.345
kill15,2,2240.0,3.08,3241.0,2811,1,1414.12221,1481.6,3.16,7.58991145092,15.164
kill15,-1,1216.0,4.52,6414.99375,4250,67,5265.36658,5402.1,4.7,8.12918554552,15.344
med15,4,3008.0,8.78,9682.5875,7973,3,3056.02924,3296.2,9.21,7.60078109328,15.319
high15,30,1216.0,11.14,12065.95,10293,29,9840.6303,10160.8,11.73,7.87850271265,15.544
med15,20,3008.0,9.19,10678.69375,8356,19,3390.2466,3635.3,9.51,7.94322483582,15.213
debug1,4,2496.0,5.33,491.8875,324,3,184.57865,201.8,5.34,7.80188379205,15.071
debug1,10,1984.0,5.23,613.99375,326,9,300.12418,316.9,5.23,8.22628059701,15.248
high15,30,3008.0,11.36,13515.4375,10348,29,4294.90173,4601.0,11.91,8.0491303845,15.269
medwave20,15,1984.0,8.12,11973.55625,9906,15,5691.9678,6179.9,9.48,7.82464761617,15.323
high15,40,2496.0,11.36,13931.775,10359,40,5132.85228,5715.6,11.88,7.80166775652,15.192
highwave20,10,2752.0,9.38,15399.375,11381,10,4845.72628,5730.0,11.89,7.83504011939,16.337
highwave20,6,1472.0,6.92,9935.28125,8474,5,6456.72159,6911.5,7.28,7.68853213822,15.46
medwave20,15,1728.0,8.07,12185.94375,9861,19,6539.95993,7221.3,9.49,7.915325,16.318
kill15,8,2496.0,4.65,5440.0125,4257,7,1992.28486,2231.8,4.76,7.73715666041,15.196
medwave20,6,1216.0,5.84,8178.19375,7246,5,6622.97876,6886.9,6.13,7.75270941939,15.845
debug1,10,1216.0,4.08,522.7375,257,9,431.3783,440.2,4.09,8.10743984962,15.204
debug1,15,2240.0,5.48,814.84375,353,14,362.28644,372.5,5.48,8.27740871935,15.156
debug1,20,1472.0,4.7,826.85,304,19,558.93723,575.2,4.7,8.90017647059,15.198
ramp20,40,2752.0,10.29,16875.8875,12498,41,5599.02236,6279.4,11.84,7.7982946806,15.252
med15,-1,1984.0,9.12,12519.93125,8409,106,6034.27224,6461.9,9.46,7.80243957722,15.596
high15,8,1728.0,10.8,11875.6125,9858,7,6363.17973,7037.4,11.39,7.84711434364,15.301
highwave20,6,1216.0,5.86,8162.04375,7279,7,6648.68948,6873.3,6.29,7.79776585232,15.352
kill15,10,2752.0,4.67,5852.03125,4246,9,1861.28879,2177.5,4.76,7.89559083431,15.153
kill15,40,1984.0,4.5,5978.35,4272,39,2856.31435,3085.6,4.75,8.12433031779,15.32
high15,10,1216.0,9.64,10083.65625,8917,9,8196.72641,8491.5,10.19,7.74277828815,15.629
ramp20,-1,1216.0,10.05,17037.65625,12496,127,13969.30541,14347.5,11.71,7.94896926246,17.822
highwave20,20,1472.0,9.24,13537.5125,11311,19,8721.73318,9417.4,11.83,7.84549064431,15.393
high15,20,1984.0,11.33,12592.5875,10350,19,5987.47334,6499.4,11.84,7.84961037709,16.006
highwave20,40,2752.0,9.36,15911.88125,11385,39,5164.77245,5920.7,11.86,7.87344476541,15.373
kill15,2,1472.0,2.28,2461.2875,2103,1,1595.82063,1712.2,2.36,7.55964211027,15.228
medwave20,6,2752.0,8.18,13069.3125,9927,6,4147.01185,4863.0,9.53,7.76279089902,15.74
highwave20,-1,2496.0,9.36,17124.65625,11441,100,6368.87833,7025.5,11.89,7.76855957023,20.128
highwave20,6,1984.0,8.25,11923.7625,10035,6,5677.4421,6154.2,9.83,7.75446071108,15.254
kill15,-1,2496.0,4.66,7070.94375,4292,58,2666.11118,2900.9,4.76,7.69325287356,17.167
ramp20,10,1984.0,10.25,14966.025,12459,10,7106.88352,7724.4,11.84,7.86297024621,15.227
highwave20,15,1472.0,9.22,13389.88125,11281,15,8613.07359,9314.7,11.81,7.83414359065,15.788
medwave20,20,2240.0,8.17,11807.46875,9929,19,5174.08473,5397.7,9.53,7.85943466023,15.465
highwave20,30,2496.0,9.34,14833.40625,11349,29,5447.18451,6085.5,11.89,7.83042933732,16.15
debug1,2,1472.0,1.86,159.41875,115,1,104.7295,110.9,1.86,7.82072413793,15.136
highwave20,6,3008.0,9.33,13727.81875,11302,5,4350.89554,4673.3,11.86,7.80109330503,15.217
medwave20,4,2496.0,7.11,10739.38125,8619,3,3938.03072,4405.9,7.54,7.63084667131,15.295
kill15,15,1216.0,4.54,4952.70625,4199,14,4008.63253,4170.7,4.7,7.86527628768,15.346
highwave20,15,1216.0,9.14,12780.5875,11284,14,10361.50071,10762.6,11.73,7.86707452646,15.906
medwave20,4,1472.0,4.59,6600.56875,5636,3,4240.00639,4591.7,4.79,7.7105805994,16.209
ramp20,2,1728.0,2.76,4036.33125,3373,1,2180.69634,2391.9,2.93,7.6798731476,15.275
debug1,-1,2240.0,5.33,3380.125,425,102,1531.76135,1545.2,5.34,7.94663567362,15.239
highwave20,8,2752.0,9.33,14744.96875,11313,8,4738.56352,5486.5,11.89,7.81177687483,15.251
kill15,30,2496.0,4.64,6102.0375,4243,29,2264.22232,2503.4,4.76,7.69116830524,15.163
medwave20,15,3008.0,8.2,12434.73125,9937,14,3958.83178,4233.1,9.53,7.96007205306,19.281
medwave20,40,1216.0,7.97,11814.55625,9876,39,9662.78023,9949.1,9.38,7.89209732728,18.176
med15,8,2496.0,9.15,10445.41875,8328,7,3831.84752,4285.3,9.49,7.90491937612,15.275
kill15,30,2240.0,4.64,5633.46875,4262,29,2484.36951,2575.3,4.76,7.66416686087,15.271
med15,4,2496.0,7.3,8268.73125,6641,3,2999.85965,3392.3,7.56,7.69658729681,15.245
debug1,8,1984.0,5.25,564.00625,327,7,273.96486,291.1,5.25,8.17337724551,15.097
kill15,10,1472.0,4.59,5097.80625,4216,9,3282.93594,3546.3,4.71,7.6740712426,15.21
high15,2,1728.0,2.86,3136.89375,2621,1,1679.46027,1858.9,2.95,7.64070251716,15.176
ramp20,4,2240.0,6.95,9895.375,8432,4,4270.86655,4523.6,7.2,7.66526232812,15.306
debug1,20,1984.0,5.36,879.04375,340,19,434.38628,453.7,5.36,8.01584122563,15.116
medwave20,15,2496.0,8.16,12633.5625,9912,14,4652.23405,5183.0,9.53,7.87172053194,15.571
debug1,40,2240.0,5.36,1503.6875,361,39,678.61915,687.4,5.36,8.1569675,15.175
ramp20,4,2752.0,8.02,12849.475,9728,4,4122.77668,4781.2,8.48,7.66134905467,15.276
debug1,15,2752.0,5.5,942.775,344,14,324.54516,350.8,5.5,8.02179888268,15.11
med15,-1,3008.0,9.19,13365.91875,8419,86,4285.25919,4550.1,9.53,7.88912251617,15.329
kill15,6,2752.0,4.67,5444.06875,4249,5,1786.22145,2025.7,4.76,7.82482251998,15.336
debug1,2,1216.0,1.51,127.89375,93,1,105.40616,107.7,1.51,7.73540425532,15.153
med15,2,1216.0,1.96,2103.775,1839,2,1701.24885,1771.6,2.1,7.73485279739,15.31
ramp20,4,3008.0,8.84,13018.11875,10705,3,4133.52097,4431.7,9.28,7.6244850579,15.255
med15,6,1472.0,6.88,7396.225,6315,5,4740.76143,5145.2,7.15,7.79535332278,15.691
debug1,6,1472.0,4.65,454.39375,289,5,301.85357,316.1,4.65,8.18565646259,15.126
highwave20,2,1728.0,2.81,4050.84375,3443,2,2203.2827,2400.5,3.01,7.71809985486,15.189
debug1,20,1216.0,4.08,801.68125,272,19,664.4858,675.1,4.09,8.61259106529,15.235
med15,4,1728.0,5.28,5823.39375,4832,3,3131.64416,3450.9,5.45,7.66819338159,15.225
ramp20,20,1472.0,10.17,14902.275,12434,23,9633.61345,10366.8,11.84,7.85577538733,15.855
highwave20,20,1984.0,9.35,13788.4125,11363,19,6550.30972,7116.6,11.88,7.8385098401,15.238
ramp20,15,2752.0,10.31,16867.01875,12498,16,5353.15202,6276.1,11.88,7.81542863992,15.309
medwave20,8,2752.0,8.18,12882.8,9917,7,4153.62689,4793.6,9.53,7.80640376864,15.285
med15,10,2752.0,9.17,11230.25625,8336,9,3555.30677,4178.7,9.53,7.84926938286,15.39
highwave20,15,2752.0,9.36,14965.34375,11344,14,4821.57153,5568.5,11.84,7.85629908435,16.393
debug1,4,2240.0,5.23,446.90625,316,3,196.12354,204.3,5.23,7.92051097179,15.144
medwave20,40,2496.0,8.17,13401.375,9943,39,4943.20998,5498.0,9.53,7.79329833701,15.472
highwave20,6,2240.0,8.56,12207.125,10397,5,5263.53458,5580.4,10.36,7.77018861757,15.225
debug1,15,3008.0,5.63,963.79375,357,14,318.00167,328.1,5.63,8.49082749326,15.129
debug1,8,2240.0,5.4,569.84375,331,7,250.26221,260.5,5.4,8.16842011834,15.203
medwave20,15,2752.0,8.17,12913.16875,9921,16,4225.97474,4804.9,9.53,7.75476572406,15.67
highwave20,6,2752.0,9.3,14782.05625,11277,6,4709.94117,5500.3,11.88,7.70605060711,15.764
medwave20,30,2752.0,8.19,13829.06875,9955,30,4470.88695,5145.7,9.51,7.79516004006,15.185
debug1,-1,1216.0,4.08,4854.85625,424,170,4071.90354,4088.3,4.09,12.614047138,15.218
medwave20,20,2496.0,8.18,12840.50625,9925,21,4728.70273,5267.9,9.53,7.85459199678,15.227
kill15,20,1728.0,4.61,5489.775,4235,19,2957.24856,3253.2,4.75,7.79152726845,16.866
debug1,8,1728.0,5.0,542.025,314,7,301.93159,321.2,5.01,8.34975077882,15.24
med15,2,2496.0,3.66,4162.51875,3341,1,1540.63276,1707.7,3.79,7.74801017355,15.237
med15,8,1728.0,9.07,10023.91875,8299,7,5386.98658,5940.1,9.49,7.83542342885,15.591
kill15,30,1728.0,4.61,5748.6375,4235,29,3106.88525,3406.6,4.75,7.77838766417,16.236
med15,2,1984.0,3.08,3323.975,2812,1,1581.15486,1715.6,3.16,7.62177639531,15.359
ramp20,8,1728.0,9.97,14613.75,12137,7,7865.40601,8660.0,11.51,7.83869285244,15.252
ramp20,30,2496.0,10.31,16178.90625,12521,29,5936.19953,6637.5,11.89,7.83979856574,15.78
medwave20,10,1472.0,8.05,11623.3375,9863,9,7482.69774,8085.8,9.44,7.81758083468,16.042
med15,40,2240.0,9.14,10580.5,8358,39,4639.77088,4836.8,9.49,7.90704537335,15.208
kill15,30,1472.0,4.59,5716.21875,4939,29,3651.86016,3976.5,4.75,7.76455877617,15.246
debug1,8,1472.0,4.67,505.1375,289,7,335.49152,351.4,4.68,8.44812837838,15.27
debug1,20,2752.0,5.46,1087.63125,351,19,386.48644,404.7,5.46,8.09263243243,17.878
med15,6,2240.0,9.1,9759.09375,8284,5,4214.44217,4461.3,9.46,7.78073663892,15.347
kill15,4,1728.0,4.56,5058.28125,4180,3,2713.15179,2997.5,4.71,7.64806167822,16.228
medwave20,-1,2496.0,8.19,15345.525,10018,97,5730.67632,6295.6,9.51,7.75552575383,16.067
ramp20,40,2240.0,10.28,15235.5,12519,41,6664.2548,6964.8,11.91,7.87828200637,15.244
high15,30,2496.0,11.36,13624.89375,10359,29,4990.09387,5589.7,11.88,7.83400327301,16.059
med15,8,1984.0,9.14,9917.86875,8327,7,4708.89218,5118.9,9.51,7.79963858891,16.125
ramp20,10,1216.0,9.32,12998.375,11503,10,10533.34056,10946.0,10.13,7.69612420742,15.535
ramp20,15,3008.0,10.31,15589.01875,12484,16,4954.78168,5306.9,11.91,7.86336,15.203
medwave20,20,3008.0,8.2,12530.49375,9944,19,3953.44958,4265.7,9.54,7.77233283148,15.284
high15,4,1216.0,4.0,4189.5,3728,3,3417.79059,3528.0,4.25,7.73344116859,15.422
high15,4,1984.0,6.4,6936.25,5841,3,3314.18058,3580.0,6.63,7.67744815195,15.19
debug1,2,2752.0,3.27,300.19375,197,1,95.35284,111.7,3.28,7.97915656566,15.183
high15,15,1728.0,11.26,12556.85625,10291,14,6746.29323,7441.1,11.88,7.9083869966,15.452
high15,30,1728.0,11.28,13025.98125,10333,31,6983.84704,7719.1,11.86,7.92008587418,15.318
med15,30,1216.0,8.97,9861.59375,8288,29,8031.86147,8304.5,9.39,7.76918708669,16.584
debug1,40,3008.0,5.67,1920.5375,384,39,642.38382,653.8,5.68,7.37342789598,15.171
highwave20,30,1728.0,9.28,14102.60625,11317,29,7583.92801,8357.1,11.84,7.89590939538,15.629
medwave20,-1,1984.0,8.14,14242.95,9988,102,6847.16334,7351.2,9.48,7.73447066402,15.301
highwave20,20,2496.0,9.34,14448.525,11339,53,5288.25463,5927.6,11.86,7.80388132022,15.208
high15,10,2240.0,11.36,11978.75,10333,9,5228.11472,5476.0,11.84,7.81117752852,15.371
med15,4,2240.0,7.02,7523.6875,6389,3,3243.36323,3439.4,7.29,7.67840253442,15.223
kill15,8,3008.0,4.67,5381.20625,4258,7,1708.18794,1831.9,4.76,8.00545627198,15.155
kill15,-1,1472.0,4.59,7122.38125,4292,86,4696.61669,4954.7,4.73,8.00826267702,16.116
debug1,4,1728.0,3.95,367.2,242,3,201.87166,217.6,3.95,8.05834693878,15.129
ramp20,-1,2496.0,10.28,18471.375,12550,98,6870.99391,7578.0,11.88,7.83768074004,15.767
kill15,-1,3008.0,4.67,6791.79375,4287,44,2176.13123,2312.1,4.76,7.93088709305,15.229
med15,2,1728.0,2.68,2958.1875,2456,1,1585.23266,1753.0,2.78,7.70347944648,15.309
debug1,10,1472.0,4.73,565.36875,298,9,376.67667,393.3,4.73,8.39528338762,15.203
highwave20,10,1216.0,8.36,11678.23125,10319,9,9428.36386,9834.3,10.19,7.83540443455,16.386
kill15,30,1216.0,4.53,5352.18125,4212,29,4386.64055,4507.1,4.71,7.96853925961,15.22
debug1,6,2496.0,5.4,559.65,328,5,211.98346,229.6,5.4,7.91608708709,15.238
debug1,-1,1472.0,4.73,4039.95,423,140,2784.73369,2810.4,4.73,12.1785044405,16.389
debug1,6,1216.0,3.52,385.7,226,5,315.0475,324.8,3.53,7.97937662338,15.182
medwave20,6,2496.0,8.16,12309.8625,9889,5,4538.14234,5050.2,9.48,7.8151552456,15.233
highwave20,-1,1728.0,9.31,16581.20625,11444,120,9030.93555,9825.9,11.86,8.02657333103,15.333
ramp20,30,1728.0,10.22,15561.1125,12471,30,8370.13295,9221.4,11.83,7.87036781058,16.48
ramp20,20,2752.0,10.29,16586.7125,12478,22,5365.02728,6171.8,11.89,7.81932608,17.684
highwave20,4,2752.0,7.65,12169.0,9269,4,3855.412,4528.0,8.73,7.67157737518,15.626
debug1,8,3008.0,5.67,673.8625,345,7,219.68077,229.4,5.68,8.32363636364,15.097
kill15,20,2752.0,4.67,5927.0125,4259,19,1968.35639,2205.4,4.76,7.71176460963,15.219
ramp20,15,2240.0,10.28,14950.6875,12492,19,6478.64808,6834.6,11.86,7.83973359444,15.595
debug1,30,1984.0,5.33,1138.0875,348,29,569.02225,587.4,5.33,7.89809549072,15.203
high15,40,1984.0,11.34,13145.74375,10366,40,6261.87802,6784.9,11.84,7.91623842014,15.37
highwave20,15,2240.0,9.35,13356.875,11355,14,5822.37455,6106.0,11.89,7.81272504178,15.231
med15,8,3008.0,9.21,10308.275,8364,8,3253.13533,3509.2,9.51,8.01577806976,15.293
highwave20,8,2496.0,9.34,14128.2375,11322,7,5177.98148,5796.2,11.88,7.81655777209,16.017
highwave20,6,2496.0,9.15,13823.55,11095,7,5047.71372,5671.2,11.61,7.71758106647,15.402
high15,4,1728.0,5.63,6200.04375,5151,3,3333.41694,3674.1,5.81,7.66152425301,16.358
med15,-1,1728.0,9.09,13001.00625,8420,120,7115.19246,7704.3,9.49,8.07211686183,15.314
ramp20,40,3008.0,10.29,16492.00625,12485,41,5262.16257,5614.3,11.91,7.9333953377,15.248
debug1,2,1984.0,2.6,211.9625,159,1,101.67393,109.4,2.6,7.99636875,15.196
med15,15,2752.0,9.17,11317.0625,8339,14,3606.71391,4211.0,9.53,7.8254969472,15.764
med15,10,1472.0,9.05,9773.99375,8289,9,6296.95535,6799.3,9.46,7.84615726681,15.262
highwave20,4,1728.0,5.56,8137.63125,6777,3,4385.64145,4822.3,5.88,7.68545914454,15.365
high15,2,2752.0,4.36,5159.19375,3964,1,1640.09067,1919.7,4.5,7.64140277427,15.165
kill15,10,2240.0,4.64,5168.40625,4241,9,2232.26261,2362.7,4.76,7.76574847059,15.178
highwave20,15,1984.0,9.31,13652.7875,11342,14,6513.5313,7046.6,11.88,7.81541150053,15.328
debug1,8,2752.0,5.5,678.8625,341,7,231.15058,252.6,5.51,8.20864655172,15.116
med15,20,1984.0,9.14,10251.11875,8349,20,4850.51147,5290.9,9.48,7.82956864619,15.621
medwave20,30,3008.0,8.18,12980.225,9931,29,4120.83896,4418.8,9.53,7.96229186747,15.228
kill15,6,3008.0,4.67,5538.65625,5132,5,1680.99008,1885.5,4.76,7.87002452793,15.165
high15,8,1472.0,9.22,9940.74375,8447,7,6418.51635,6915.3,9.73,7.71683049444,15.469
high15,30,2752.0,11.38,14255.575,10356,29,4616.22565,5304.4,11.89,7.88912893597,15.826
debug1,2,2496.0,2.96,252.525,179,1,93.50458,103.6,2.96,7.89503333333,15.09
med15,30,2240.0,9.18,10209.71875,8373,29,4479.52406,4667.3,9.49,7.78564686979,15.253
medwave20,8,2496.0,8.18,12405.9,9925,7,4536.49987,5089.6,9.53,7.91157712445,15.245
highwave20,30,2240.0,9.33,13670.78125,11359,29,5971.5289,6249.5,11.86,7.75291657885,15.811
medwave20,40,3008.0,8.21,13393.2375,9968,39,4274.60219,4559.4,9.51,7.91144288998,15.204
high15,2,1984.0,3.21,3505.51875,2938,2,1680.8219,1809.3,3.36,7.67639455782,15.333
med15,2,2240.0,3.6,3806.90625,3281,1,1655.37648,1740.3,3.71,7.6543622791,15.192
kill15,20,1216.0,4.5,5171.68125,4196,19,4194.40676,4355.1,4.7,7.96006429419,15.337
debug1,4,1216.0,2.5,254.8375,160,3,209.12882,214.6,2.51,8.15956441718,15.16
high15,2,2496.0,3.82,4319.49375,3476,1,1589.36466,1772.1,3.93,7.65175754961,15.255
kill15,6,1728.0,4.61,5146.875,4223,5,2769.88051,3050.0,4.73,7.75241508988,15.771
med15,4,1472.0,4.56,4933.64375,4194,3,3200.82785,3432.1,4.71,7.62083130808,15.323
highwave20,2,1216.0,1.94,2819.00625,2437,2,2249.16207,2373.9,2.1,7.72370438704,15.214
medwave20,30,1216.0,8.0,11547.60625,9878,29,9399.40256,9724.3,9.39,7.93371686686,15.809
medwave20,30,2496.0,8.18,13087.425,9935,29,4814.83317,5369.2,9.53,7.85845032116,15.335
ramp20,6,1984.0,9.21,13256.95625,11185,5,6317.46598,6842.3,9.74,7.65444673816,15.746
med15,20,2752.0,9.18,11551.95,8358,20,3686.44288,4298.4,9.53,7.78851145858,15.547
medwave20,-1,1472.0,8.08,15149.38125,10010,142,9931.00433,10538.7,9.48,8.00844877857,15.326
debug1,40,1216.0,4.08,1328.21875,288,39,1109.21902,1118.5,4.09,9.52444648318,15.178
ramp20,30,1216.0,10.06,14407.225,12430,29,11728.28612,12132.4,11.68,7.88299036841,15.412
debug1,40,1984.0,5.41,1411.08125,369,39,707.6283,728.3,5.41,8.0333627451,15.156
med15,40,1472.0,9.06,10687.38125,9228,39,6832.42002,7434.7,9.44,7.88680608611,16.116
ramp20,40,1472.0,10.21,15385.85,12495,40,9931.28751,10703.2,11.84,7.87768727563,15.814
kill15,2,1728.0,2.33,2560.78125,2136,1,1376.98906,1517.5,2.4,7.60014178755,15.18
medwave20,2,1472.0,2.31,3312.8625,2838,1,2151.65481,2304.6,2.4,7.58885945756,15.217
high15,4,2240.0,6.87,7364.0,6252,3,3177.34154,3366.4,7.09,7.69334100719,15.421
med15,2,2752.0,4.22,4807.4,3846,2,1583.34318,1788.8,4.45,7.70737214137,15.187
debug1,40,2752.0,5.61,1805.4625,376,39,648.7344,671.8,5.61,8.09681927711,15.116
kill15,8,1984.0,4.64,5164.79375,4234,8,2470.36362,2665.7,4.75,7.76443422914,15.211
medwave20,4,1216.0,3.92,5407.51875,4873,3,4426.20017,4553.7,4.13,7.71450697293,15.962
debug1,10,1728.0,5.04,600.75,312,9,335.56001,356.0,5.04,8.72020560748,15.163
ramp20,6,2496.0,10.12,15289.95,12265,7,5620.15835,6272.8,11.59,7.78699837027,15.204
ramp20,15,1984.0,10.23,15033.45,12463,17,7159.4101,7759.2,11.83,7.87907796474,16.208
debug1,4,1472.0,3.25,308.63125,200,3,202.80399,214.7,3.26,8.02363546798,15.409
kill15,8,2752.0,4.67,5866.00625,4246,7,1843.4141,2182.7,4.76,7.70561862215,15.167
medwave20,15,2240.0,8.17,11830.65625,9934,15,5141.08656,5408.3,9.51,7.84764478842,15.255
medwave20,8,2240.0,8.15,11565.53125,9907,7,5030.92974,5287.1,9.49,7.87959037724,15.304
medwave20,4,1728.0,5.35,7864.425,6531,4,4213.43775,4660.4,5.56,7.68244912012,15.538
high15,6,1984.0,9.32,10168.19375,8509,7,4833.3697,5248.1,9.81,7.72404239079,15.291
debug1,15,2496.0,5.42,863.3625,338,14,337.05808,354.2,5.43,8.01325,15.11
ramp20,6,2752.0,10.27,15719.725,12435,5,5119.50757,5849.2,11.88,7.74467901929,15.309
high15,15,1472.0,11.22,12155.7875,10276,14,7892.8939,8456.2,11.83,7.82229484937,27.918
med15,4,2752.0,7.88,9415.65625,7148,3,2980.96685,3503.5,8.21,7.60716347364,15.197
med15,-1,2496.0,9.16,13408.6875,8442,98,5011.73255,5501.0,9.48,7.85083466042,15.415
med15,20,1728.0,9.06,10338.46875,8304,19,5560.57502,6126.5,9.46,7.88668076415,15.338
high15,10,1984.0,11.32,12354.46875,10326,10,5882.96368,6376.5,11.84,7.83583601006,16.162
ramp20,15,2496.0,10.28,15835.95,12472,17,5814.22863,6496.8,11.89,7.92684642485,15.237
high15,40,1728.0,11.31,13219.70625,10354,41,7116.06978,7833.9,11.88,7.88997489177,15.622
highwave20,20,3008.0,9.38,14280.3625,11371,20,4535.57679,4861.4,11.89,7.81972364147,15.736
medwave20,2,1984.0,3.01,4339.225,3672,1,2071.93973,2239.6,3.18,7.65678872856,15.167
med15,6,2496.0,9.14,10393.74375,8311,6,3814.71347,4264.1,9.49,7.82845653481,16.107
ramp20,2,2496.0,3.78,5667.675,4577,1,2085.36209,2325.2,3.95,7.69324792486,15.333
medwave20,8,1728.0,8.1,11814.69375,9860,7,6333.13466,7001.3,9.46,7.91361173609,16.064
med15,10,2496.0,9.17,10533.9,8340,9,3868.56802,4321.6,9.51,7.9566241466,15.239
med15,15,1728.0,9.03,10306.2375,8277,19,5562.40934,6107.4,9.48,7.86424349084,15.279
medwave20,-1,3008.0,8.19,15311.425,9995,90,4916.69123,5212.4,9.51,7.95563113535,15.258
medwave20,40,2752.0,8.2,14069.33125,9971,39,4580.11692,5235.1,9.53,7.82812257742,15.697
medwave20,2,3008.0,4.54,6667.83125,5495,1,2125.07502,2269.9,4.66,7.65619959971,15.288
ramp20,4,2496.0,7.46,11266.36875,9048,3,4149.08975,4622.1,7.83,7.67111877141,15.186
highwave20,8,1984.0,9.3,13386.9625,11298,7,6341.57008,6909.4,11.88,7.74163945157,15.345
kill15,30,1984.0,4.64,5729.1875,4265,29,2743.59969,2957.0,4.75,7.79325221239,15.304
high15,6,2240.0,10.04,10579.84375,9284,6,4608.8719,4836.5,10.59,7.67979612487,18.491
kill15,6,2240.0,4.64,4950.96875,4234,5,2163.63234,2263.3,4.76,7.74928214201,15.295
highwave20,2,1472.0,2.38,3408.3125,2924,1,2200.47585,2371.0,2.54,7.6177842735,15.269
high15,6,3008.0,11.36,12537.8375,10308,5,3986.09381,4268.2,11.93,7.82200785416,15.427
medwave20,6,1472.0,6.83,9796.13125,8359,6,6307.53648,6814.7,7.11,7.68506778243,15.64
medwave20,2,2752.0,4.12,6585.45,4988,1,2071.683,2450.4,4.34,7.66268169974,15.322
ramp20,10,1472.0,10.14,14540.6,12388,9,9386.1469,10115.2,11.73,7.81183520207,15.283
ramp20,4,1216.0,3.99,5565.3375,4963,3,4508.85188,4686.6,4.2,7.67951006847,15.87
kill15,6,2496.0,4.65,5355.91875,4235,5,1952.66747,2197.3,4.76,7.76568160377,16.225
debug1,30,3008.0,5.67,1494.89375,374,32,496.20136,508.9,5.68,7.98380788177,15.292
med15,6,3008.0,9.21,10238.95,8363,5,3248.19974,3485.6,9.54,7.80998458413,15.173
med15,2,3008.0,4.58,5028.11875,4159,1,1591.70709,1711.7,4.7,7.66891658654,15.258
debug1,30,1472.0,4.7,1093.3625,319,29,740.43729,760.6,4.7,9.31318390805,15.177
debug1,20,3008.0,5.63,1137.10625,355,19,375.62336,387.1,5.63,8.0581631016,15.166
medwave20,20,2752.0,8.19,13222.5,9935,19,4292.04714,4920.0,9.51,7.750724131,15.348
high15,8,1984.0,11.27,12212.8375,10276,7,5810.13442,6303.4,11.81,7.75802849363,15.353
high15,8,2240.0,11.33,11935.21875,10310,7,5200.38414,5456.1,11.86,7.7502543375,16.107
med15,15,2240.0,9.17,9986.8125,8346,16,4353.37999,4565.4,9.53,7.79465678067,15.287
highwave20,40,2240.0,9.35,13943.5625,11378,41,6125.11084,6374.2,11.89,7.77839346703,15.286
medwave20,15,1216.0,7.98,11183.28125,9856,14,9115.6533,9417.5,9.36,7.81193910841,15.394
ramp20,2,2752.0,4.2,6716.86875,5099,2,2136.42046,2499.3,4.43,7.6575093119,15.33
highwave20,30,3008.0,9.39,14733.61875,11396,29,4678.53243,5015.7,11.91,7.92017094092,15.203
medwave20,-1,1728.0,8.13,14914.96875,10001,121,8135.89406,8838.5,9.46,8.03486030429,15.338
kill15,15,1984.0,4.64,5324.05625,4247,14,2538.98464,2747.9,4.76,7.79871790659,15.323
ramp20,40,2496.0,10.28,16539.9,12501,39,6059.49798,6785.6,11.83,7.8605476874,16.086
medwave20,-1,1216.0,7.97,13559.825,9930,103,11125.80714,11418.8,9.38,7.9691134257,16.105
highwave20,8,1216.0,7.48,10224.01875,9215,7,8345.62236,8609.7,8.43,7.81296551724,15.922
highwave20,10,1984.0,9.32,13473.375,11335,10,6406.61248,6954.0,11.83,7.82657549581,15.388
ramp20,6,1216.0,5.99,8300.50625,7422,6,6767.59551,6989.9,6.33,7.72681583199,15.538
high15,-1,1984.0,11.34,14724.80625,10413,103,7042.98422,7599.9,11.86,7.89988855078,15.925
high15,20,2752.0,11.4,14034.39375,10378,22,4533.16756,5222.1,11.91,7.87803096154,15.316
medwave20,40,2240.0,8.15,12387.375,9931,39,5419.09868,5662.8,9.53,7.87146389168,16.085
ramp20,15,1216.0,10.06,14026.9875,12393,14,11405.91048,11812.2,11.73,7.74867558636,16.492
high15,8,3008.0,11.39,12723.19375,10370,7,4023.90491,4331.3,11.91,7.85281112075,15.861
high15,10,1472.0,11.11,12003.26875,10183,9,7764.26296,8350.1,11.78,7.72749607535,15.362
highwave20,40,3008.0,9.39,15092.58125,11397,39,4796.28162,5137.9,11.89,7.90590774746,16.066
high15,2,3008.0,4.57,5058.66875,4152,1,1606.06997,1722.1,4.68,7.64372261016,15.196
highwave20,-1,1216.0,9.14,15075.90625,11362,103,12385.15339,12695.5,11.71,7.98483898823,16.51
med15,10,3008.0,9.2,10371.43125,8366,9,3291.26142,3530.7,9.51,7.98719976119,15.268
medwave20,6,2240.0,8.13,11618.6875,9873,5,4999.47561,5311.4,9.43,7.83181008301,15.312
medwave20,8,1984.0,8.16,11800.15,9925,7,5641.71051,6090.4,9.49,7.77923086992,15.317
highwave20,20,1216.0,9.12,12937.21875,11293,19,10515.75349,10894.5,11.73,7.90278730552,15.308
kill15,15,2496.0,4.65,5657.4375,4242,14,2098.36282,2321.0,4.76,7.75222908835,15.172
med15,40,2752.0,9.17,11859.13125,8363,39,3911.42006,4412.7,9.53,7.81154546537,15.24
med15,40,1216.0,8.93,10054.44375,8284,39,8214.0973,8466.9,9.36,7.82019223838,16.636
ramp20,10,2496.0,10.28,15581.23125,12462,9,5715.42876,6392.3,11.86,7.86318114025,15.396
ramp20,4,1728.0,5.47,8021.7,6673,3,4306.70815,4753.6,5.83,7.69571824446,15.332
med15,20,1216.0,8.95,9578.85,8275,19,7793.57533,8066.4,9.36,7.78939377864,15.259
kill15,2,1984.0,3.04,3300.53125,2782,1,1583.7815,1703.5,3.15,7.64063564499,15.15
kill15,15,2752.0,4.66,5957.91875,4253,14,1923.70715,2216.9,4.76,7.7154009843,15.217
high15,-1,1728.0,11.29,15315.4125,10412,117,8353.38176,9075.8,11.88,8.03045835312,15.25
high15,20,1472.0,11.21,12370.8375,10298,20,7989.1891,8605.8,11.79,7.86374685016,15.298
kill15,20,2496.0,4.66,5811.24375,4257,19,2141.65392,2384.1,4.76,7.65380589336,15.2
highwave20,30,1984.0,9.34,14019.94375,11363,29,6644.5906,7236.1,11.84,7.84751307935,15.315
kill15,4,1472.0,4.5,4872.40625,4142,3,3138.82015,3389.5,4.7,7.52133100121,16.634
kill15,6,1984.0,4.64,5091.16875,4230,5,2427.53162,2627.7,4.75,7.84697142857,15.306
debug1,30,2240.0,5.33,1213.40625,350,29,546.94334,554.7,5.34,7.99983113456,15.1
kill15,-1,2240.0,4.65,6521.375,4290,60,2883.01828,2981.2,4.76,7.59299954023,16.086
high15,20,1216.0,11.1,11785.34375,10269,19,9578.00969,9924.5,11.71,7.82579354588,17.184
debug1,40,2496.0,5.41,1667.49375,364,39,663.88333,684.1,5.41,7.44144913151,15.161
medwave20,30,1472.0,8.1,11994.35625,9912,29,7755.04445,8343.9,9.44,7.82846212655,15.303
medwave20,10,2752.0,8.16,13127.9,9901,9,4187.9287,4884.8,9.49,7.83946801211,15.29
debug1,20,1728.0,5.05,862.48125,322,19,490.31054,511.1,5.06,9.24183870968,15.272
high15,-1,3008.0,11.38,15770.2625,10407,89,5059.06216,5368.6,11.89,7.90912842988,15.982
debug1,-1,2496.0,5.45,3475.14375,421,96,1401.48797,1425.7,5.45,6.99210444874,16.799
med15,2,1472.0,2.33,2501.96875,2141,1,1610.87205,1740.5,2.41,7.57386788049,15.338
ramp20,2,3008.0,4.56,6752.725,5521,1,2158.17583,2298.8,4.73,7.67895852952,15.226
med15,8,1472.0,8.94,9645.3375,8203,7,6220.76639,6709.8,9.44,7.73118550548,18.613
medwave20,10,1216.0,7.96,11022.1375,9824,9,8988.06769,9281.8,9.34,7.78432197702,15.379
highwave20,8,1472.0,8.13,11659.13125,9923,8,7549.06946,8110.7,9.59,7.74415557346,15.598
highwave20,-1,2240.0,9.33,15728.78125,11411,101,6913.00833,7190.3,11.86,7.75553448575,15.305
kill15,15,1728.0,4.58,5589.50625,4216,22,3030.83458,3312.3,4.75,7.84942708825,15.197
debug1,30,2496.0,5.4,1334.04375,357,29,526.54887,547.3,5.4,7.73475129534,15.139
highwave20,40,1216.0,9.15,13377.06875,11305,39,10890.06597,11264.9,11.76,7.93727626939,16.261
high15,-1,2496.0,11.35,15864.225,10413,99,5909.92815,6508.4,11.86,7.81434503425,15.367
debug1,4,3008.0,5.58,518.46875,337,3,167.24946,176.5,5.59,8.16580882353,15.101
kill15,8,2240.0,4.63,4984.21875,4228,7,2187.2068,2278.5,4.75,7.69244439197,15.464
ramp20,30,1984.0,10.29,15393.4375,12517,29,7328.18953,7945.0,11.88,7.78160186514,15.308
highwave20,2,3008.0,4.55,6712.48125,5516,1,2129.75545,2285.1,4.7,7.62949465289,15.308
med15,15,1984.0,9.08,10131.575,8315,15,4837.50444,5229.2,9.49,7.8290062425,15.176
high15,20,2240.0,11.35,12323.9375,10339,19,5345.66835,5633.8,11.89,7.80403330759,15.167
medwave20,6,1984.0,8.04,11595.35625,9775,5,5547.51084,5984.7,9.39,7.68961513292,15.378
debug1,40,1472.0,4.7,1356.1375,325,39,922.91171,943.4,4.7,9.44458791209,15.233
kill15,10,1984.0,4.65,5197.34375,4249,9,2473.19608,2682.5,4.76,7.78054720526,15.35
medwave20,8,3008.0,8.18,12159.4875,9911,7,3858.94562,4139.4,9.53,7.92770346844,18.391
kill15,20,2240.0,4.65,5355.4375,4250,19,2348.62479,2448.2,4.76,7.73240243617,15.171
kill15,2,1216.0,1.82,1897.15,1698,1,1545.7762,1597.6,1.9,7.83423602119,16.176
medwave20,6,3008.0,8.18,12031.4125,9905,5,3818.73343,4095.8,9.49,7.84820877901,16.199
high15,6,2752.0,11.29,13674.80625,10245,5,4285.45129,5088.3,11.81,7.69708526829,15.344
highwave20,-1,1472.0,9.29,15268.55,11413,196,9879.7513,10621.6,11.76,7.93902627272,17.903
highwave20,-1,2752.0,9.39,17464.45,11464,91,5825.02376,6498.4,11.91,7.78131605366,15.342
ramp20,2,1984.0,3.17,4553.125,3858,1,2160.64523,2350.0,3.35,7.62006867064,15.319
high15,2,2240.0,3.65,3799.25,3329,1,1665.04841,1736.8,3.76,7.67844744745,15.216
high15,2,1216.0,2.04,2105.675,1901,1,1724.23142,1773.2,2.13,7.68792060988,15.366
ramp20,8,2496.0,10.28,15527.3625,12469,7,5670.13825,6370.2,11.88,7.87923725553,15.554
highwave20,10,1472.0,9.16,13228.45,11193,10,8533.57704,9202.4,11.73,7.75782754619,15.368
high15,15,1216.0,11.08,11687.96875,10263,14,9513.10714,9842.5,11.73,7.82063754014,15.265
medwave20,-1,2752.0,8.16,15927.46875,9969,92,5257.90528,5926.5,9.48,7.85717324322,15.576
debug1,-1,1728.0,5.04,3489.075,421,119,2041.76721,2067.6,5.04,11.8624981481,15.667
kill15,4,2752.0,4.66,5531.68125,4232,3,1770.42317,2058.3,4.76,7.78146304604,15.219
med15,15,1472.0,9.06,9962.7375,8314,14,6453.50447,6930.6,9.44,7.84228998559,18.262
highwave20,30,1472.0,9.27,13799.7125,11335,29,8910.27842,9599.8,11.84,7.87306529391,15.56
highwave20,-1,1984.0,9.32,15987.0875,11425,104,7661.51581,8251.4,11.86,7.81910599358,16.638
highwave20,40,1728.0,9.28,14389.65,11335,39,7737.27095,8527.2,11.83,7.91165412344,16.516
medwave20,4,1984.0,5.92,8547.28125,7207,3,4070.58501,4411.5,6.26,7.63179750347,15.384
debug1,6,3008.0,5.66,609.2375,349,5,197.55114,207.4,5.66,8.16802824859,15.118
highwave20,2,1984.0,3.08,4455.28125,3763,1,2130.99981,2299.5,3.33,7.70741339001,15.297
kill15,4,1216.0,3.58,3796.2,3345,3,3070.8857,3196.8,3.75,7.74652598566,16.16
highwave20,6,1728.0,7.68,11258.15625,9367,5,6050.54893,6671.5,8.69,7.82890514298,15.247
debug1,15,1472.0,4.75,699.2,302,14,469.77639,486.4,4.75,8.63396835443,15.162
high15,-1,2240.0,11.37,14666.75,10435,101,6444.77328,6704.8,11.88,7.73919286257,15.487
highwave20,10,1728.0,9.27,13614.58125,11291,9,7279.31246,8067.9,11.83,7.8547000885,15.3
med15,30,3008.0,9.17,11208.325,8363,31,3563.0944,3815.6,9.54,7.98741446271,17.295
kill15,-1,2752.0,4.66,7202.5,4288,52,2414.63814,2680.0,4.76,7.88646336406,15.294
high15,30,1472.0,11.22,12605.4375,10289,29,8100.91651,8769.0,11.79,7.84211804613,15.427
high15,4,2496.0,7.52,8562.20625,6845,4,3147.20018,3512.7,7.81,7.70141597313,15.212
ramp20,40,1984.0,10.26,15787.1375,12507,42,7470.97271,8148.2,11.86,7.90441772253,15.275
kill15,4,2240.0,4.64,5024.90625,4226,3,2161.70794,2297.1,4.75,7.72432182549,15.699
kill15,-1,1728.0,4.63,6879.43125,4294,73,3774.14575,4076.7,4.75,8.01115136249,15.444
ramp20,-1,1728.0,10.23,18000.5625,13164,122,9764.46501,10667.0,11.79,7.96089861508,15.37
high15,40,1216.0,11.07,12218.06875,10292,39,10000.28041,10288.9,11.69,7.9469485045,15.802
medwave20,8,1472.0,7.95,11563.39375,10473,8,7360.14759,8044.1,9.31,7.73406964984,15.32
kill15,4,1984.0,4.62,5041.18125,4217,3,2418.20791,2601.9,4.75,7.80984004739,15.243
med15,10,1984.0,9.15,10015.325,8348,9,4737.594,5169.2,9.51,7.77455749671,15.325
debug1,15,1216.0,4.13,662.50625,268,14,549.03731,557.9,4.13,8.25972340426,15.196
high15,40,2240.0,11.36,12786.8125,10366,39,5617.28412,5845.4,11.86,7.78048361365,15.403
med15,40,1984.0,9.13,10747.50625,8363,39,5120.30545,5547.1,9.48,7.72017186384,15.276
highwave20,20,2240.0,9.32,13506.28125,11334,19,5882.29871,6174.3,11.86,7.85563296045,16.426
med15,20,2240.0,9.16,10076.28125,8361,19,4399.48761,4606.3,9.51,7.87065918854,15.79
high15,10,2496.0,11.34,12954.825,10315,9,4760.4837,5314.8,11.88,7.8867520341,16.72
med15,10,1728.0,9.1,10101.20625,8323,9,5436.85826,5985.9,9.46,7.85771783485,15.429
ramp20,30,2752.0,10.29,17355.875,12488,30,5527.11819,6458.0,11.89,7.80577025084,15.207
med15,-1,1216.0,8.79,13795.78125,8323,178,11330.94475,11617.5,9.41,8.05945124103,17.535
high15,15,1984.0,11.32,12488.15625,10341,15,5932.40559,6445.5,11.88,7.94287707609,15.584
ramp20,8,1984.0,10.26,14754.25625,12459,7,7025.72693,7615.1,11.84,7.80091031606,17.112
high15,-1,1472.0,11.26,15549.4375,10437,139,10182.16923,10817.0,11.83,8.05092303328,16.519
kill15,40,1216.0,4.53,5643.83125,4222,39,4618.31,4752.7,4.73,8.01963036846,15.974
debug1,6,1984.0,5.29,507.04375,322,5,246.74056,261.7,5.29,8.36655045872,15.138
highwave20,30,2752.0,9.36,15276.01875,11374,29,4994.4764,5684.1,11.91,7.93225335438,16.146
debug1,30,1728.0,5.13,1134.16875,341,29,649.34275,672.1,5.13,9.49913513514,15.19
medwave20,2,1216.0,1.96,2821.2625,2451,1,2249.66992,2375.8,2.06,7.80234787928,15.223
debug1,-1,3008.0,5.55,3889.25,423,90,1309.54442,1324.0,5.56,8.0286374269,15.157
highwave20,4,1984.0,6.05,8785.7875,7361,5,4186.84101,4534.6,6.7,7.66612937822,15.231
ramp20,-1,1984.0,10.28,17371.81875,12586,105,8325.59001,8966.1,11.86,7.85546048381,16.23
high15,15,2240.0,11.35,12292.875,10341,14,5336.60215,5619.6,11.89,7.87481651376,15.289
high15,2,1472.0,2.35,2560.1875,2164,2,1675.01328,1781.0,2.45,7.79601800554,15.364
ramp20,20,1216.0,10.05,14220.43125,13159,20,11520.40634,11975.1,11.69,7.85745162759,15.657
medwave20,6,1728.0,7.41,10806.58125,9024,6,5833.55245,6403.9,8.16,7.89698527132,15.305
debug1,-1,1984.0,5.36,3164.7125,426,105,1610.7621,1633.4,5.36,8.02055178908,15.148
kill15,8,1472.0,4.61,5051.0875,4222,7,3245.63648,3513.8,4.75,7.68466800662,15.278
debug1,40,1728.0,4.71,1399.78125,342,39,809.09735,829.5,4.71,10.2312440945,15.169
highwave20,2,2496.0,3.67,5533.6125,4464,1,2028.31567,2270.2,3.93,7.62345912654,15.251
med15,20,1472.0,9.02,10080.46875,8304,19,6509.00893,7012.5,9.46,7.8582253995,19.455
med15,30,1472.0,9.04,10262.025,8315,29,6619.34868,7138.8,9.44,7.85019978428,15.216
highwave20,8,1728.0,8.95,13271.175,10906,10,7141.22968,7864.4,11.34,7.89075467204,15.292
med15,-1,1472.0,9.05,13269.41875,8420,140,8699.46937,9230.9,9.46,8.15885338785,15.362
high15,-1,1216.0,10.95,15836.025,10309,172,12965.1757,13335.6,11.74,8.11054298254,16.508
ramp20,30,3008.0,10.32,16111.89375,12516,30,5118.43108,5484.9,11.89,7.92846700143,16.397
ramp20,6,1472.0,7.02,10029.00625,8598,6,6456.71158,6976.7,7.41,7.81962110646,15.696
kill15,30,3008.0,4.68,6219.8625,4278,29,1990.28879,2117.4,4.76,8.09044996517,15.506
ramp20,2,2240.0,3.57,5153.75,4338,1,2189.63747,2356.0,3.7,7.65786771145,15.154
highwave20,40,1472.0,9.26,13965.8875,11329,39,8985.83625,9715.4,11.79,7.81099225897,15.885
medwave20,10,2496.0,8.19,12477.075,9932,9,4565.07953,5118.8,9.53,7.85687858364,15.709
ramp20,8,1472.0,9.13,13060.8375,11138,8,8459.46411,9085.8,9.68,7.71618661403,15.423
